"name	",mobile
"123	123456",123124456
"123	123456",123124456
"123	123456",123124456
"123	123456",123124456
"123	123456",123124456
"123	123456",123124456
"123	123456",123124456
"123	123456",123124456
"123	123456",123124456
"123	123456",123124456
"123	123456",123124456
"123	123456",123124456
"123	123456",123124456
"123	123456",123124456
"123	123456",123124456
"123	123456",123124456
"123	123456",123124456
"123	123456",123124456
"123	123456",123124456
"123	123456",123124456
"123	123456",123124456
"123	123456",123124456
"123	123456",123124456
"123	123456",123124456
"123	123456",123124456
"123	123456",123124456
"123	123456",123124456
"123	123456",123124456
"123	123456",123124456
"123	123456",123124456
"123	123456",123124456
"123	123456",123124456
"123	123456",123124456
"123	123456",123124456
"123	123456",123124456
"123	123456",123124456
"123	123456",123124456
"123	123456",123124456
"123	123456",123124456
"123	123456",123124456
"123	123456",123124456
"123	123456",123124456
"123	123456",123124456
"123	123456",123124456
"123	123456",123124456
"123	123456",123124456
"123	123456",123124456
"123	123456",123124456
"123	123456",123124456
"123	123456",123124456
"123	123456",123124456
"123	123456",123124456
"123	123456",123124456
"123	123456",123124456
"123	123456",123124456
"123	123456",123124456
"123	123456",123124456
"123	123456",123124456
"123	123456",123124456
"123	123456",123124456
"123	123456",123124456
"123	123456",123124456
"123	123456",123124456
"123	123456",123124456
"123	123456",123124456
"123	123456",123124456
"123	123456",123124456
"123	123456",123124456
"123	123456",123124456
"123	123456",123124456
"123	123456",123124456
"123	123456",123124456
"123	123456",123124456
"123	123456",123124456
"123	123456",123124456
"123	123456",123124456
"123	123456",123124456
"123	123456",123124456
"123	123456",123124456
"123	123456",123124456
"123	123456",123124456
"123	123456",123124456
"123	123456",123124456
"123	123456",123124456
"123	123456",123124456
"123	123456",123124456
"123	123456",123124456
"123	123456",123124456
"123	123456",123124456
"123	123456",123124456
"123	123456",123124456
"123	123456",123124456
"123	123456",123124456
"123	123456",123124456
"123	123456",123124456
"123	123456",123124456
"123	123456",123124456
"123	123456",123124456
"123	123456",123124456
"123	123456",123124456
"123	123456",123124456
"123	123456",123124456
"123	123456",123124456
"123	123456",123124456
"123	123456",123124456
"123	123456",123124456
"123	123456",123124456
"123	123456",123124456
"123	123456",123124456
"123	123456",123124456
"123	123456",123124456
"123	123456",123124456
"123	123456",123124456
"123	123456",123124456
"123	123456",123124456
"123	123456",123124456
"123	123456",123124456
"123	123456",123124456
"123	123456",123124456
"123	123456",123124456
"123	123456",123124456
"123	123456",123124456
"123	123456",123124456
"123	123456",123124456
"123	123456",123124456
"123	123456",123124456
"123	123456",123124456
"123	123456",123124456
"123	123456",123124456
"123	123456",123124456
"123	123456",123124456
"123	123456",123124456
"123	123456",123124456
"123	123456",123124456
"123	123456",123124456
"123	123456",123124456
"123	123456",123124456
"123	123456",123124456
"123	123456",123124456
"123	123456",123124456
"123	123456",123124456
"123	123456",123124456
"123	123456",123124456
"123	123456",123124456
"123	123456",123124456
"123	123456",123124456
"123	123456",123124456
"123	123456",123124456
"123	123456",123124456
"123	123456",123124456
"123	123456",123124456
"123	123456",123124456
"123	123456",123124456
"123	123456",123124456
"123	123456",123124456
"123	123456",123124456
"123	123456",123124456
"123	123456",123124456
"123	123456",123124456
"123	123456",123124456
"123	123456",123124456
"123	123456",123124456
"123	123456",123124456
"123	123456",123124456
"123	123456",123124456
"123	123456",123124456
"123	123456",123124456
"123	123456",123124456
"123	123456",123124456
"123	123456",123124456
"123	123456",123124456
"123	123456",123124456
"123	123456",123124456
"123	123456",123124456
"123	123456",123124456
"123	123456",123124456
"123	123456",123124456
"123	123456",123124456
"123	123456",123124456
"123	123456",123124456
"123	123456",123124456
"123	123456",123124456
"123	123456",123124456
"123	123456",123124456
"123	123456",123124456
"123	123456",123124456
"123	123456",123124456
"123	123456",123124456
"123	123456",123124456
"123	123456",123124456
"123	123456",123124456
"123	123456",123124456
"123	123456",123124456
"123	123456",123124456
"123	123456",123124456
"123	123456",123124456
"123	123456",123124456
"123	123456",123124456
"123	123456",123124456
"123	123456",123124456
"123	123456",123124456
"123	123456",123124456
"123	123456",123124456
"123	123456",123124456
"123	123456",123124456
"123	123456",123124456
"123	123456",123124456
"123	123456",123124456
"123	123456",123124456
"123	123456",123124456
"123	123456",123124456
"123	123456",123124456
"123	123456",123124456
"123	123456",123124456
"123	123456",123124456
"123	123456",123124456
"123	123456",123124456
"123	123456",123124456
"123	123456",123124456
"123	123456",123124456
"123	123456",123124456
"123	123456",123124456
"123	123456",123124456
"123	123456",123124456
"123	123456",123124456
"123	123456",123124456
"123	123456",123124456
"123	123456",123124456
"123	123456",123124456
"123	123456",123124456
"123	123456",123124456
"123	123456",123124456
"123	123456",123124456
"123	123456",123124456
"123	123456",123124456
"123	123456",123124456
"123	123456",123124456
"123	123456",123124456
"123	123456",123124456
"123	123456",123124456
"123	123456",123124456
"123	123456",123124456
"123	123456",123124456
"123	123456",123124456
"123	123456",123124456
"123	123456",123124456
"123	123456",123124456
"123	123456",123124456
"123	123456",123124456
"123	123456",123124456
"123	123456",123124456
"123	123456",123124456
"123	123456",123124456
"123	123456",123124456
"123	123456",123124456
"123	123456",123124456
"123	123456",123124456
"123	123456",123124456
"123	123456",123124456
"123	123456",123124456
"123	123456",123124456
"123	123456",123124456
"123	123456",123124456
"123	123456",123124456
"123	123456",123124456
"123	123456",123124456
"123	123456",123124456
"123	123456",123124456
"123	123456",123124456
"123	123456",123124456
"123	123456",123124456
"123	123456",123124456
"123	123456",123124456
"123	123456",123124456
"123	123456",123124456
"123	123456",123124456
"123	123456",123124456
"123	123456",123124456
"123	123456",123124456
"123	123456",123124456
"123	123456",123124456
"123	123456",123124456
"123	123456",123124456
"123	123456",123124456
"123	123456",123124456
"123	123456",123124456
"123	123456",123124456
"123	123456",123124456
"123	123456",123124456
"123	123456",123124456
"123	123456",123124456
"123	123456",123124456
"123	123456",123124456
"123	123456",123124456
"123	123456",123124456
"123	123456",123124456
"123	123456",123124456
"123	123456",123124456
"123	123456",123124456
"123	123456",123124456
"123	123456",123124456
"123	123456",123124456
"123	123456",123124456
"123	123456",123124456
"123	123456",123124456
"123	123456",123124456
"123	123456",123124456
"123	123456",123124456
"123	123456",123124456
"123	123456",123124456
"123	123456",123124456
"123	123456",123124456
"123	123456",123124456
"123	123456",123124456
"123	123456",123124456
"123	123456",123124456
"123	123456",123124456
"123	123456",123124456
"123	123456",123124456
"123	123456",123124456
"123	123456",123124456
"123	123456",123124456
"123	123456",123124456
"123	123456",123124456
"123	123456",123124456
"123	123456",123124456
"123	123456",123124456
"123	123456",123124456
"123	123456",123124456
"123	123456",123124456
"123	123456",123124456
"123	123456",123124456
"123	123456",123124456
"123	123456",123124456
"123	123456",123124456
"123	123456",123124456
"123	123456",123124456
"123	123456",123124456
"123	123456",123124456
"123	123456",123124456
"123	123456",123124456
"123	123456",123124456
"123	123456",123124456
"123	123456",123124456
"123	123456",123124456
"123	123456",123124456
"123	123456",123124456
"123	123456",123124456
"123	123456",123124456
"123	123456",123124456
"123	123456",123124456
"123	123456",123124456
"123	123456",123124456
"123	123456",123124456
"123	123456",123124456
"123	123456",123124456
"123	123456",123124456
"123	123456",123124456
"123	123456",123124456
"123	123456",123124456
"123	123456",123124456
"123	123456",123124456
"123	123456",123124456
"123	123456",123124456
"123	123456",123124456
"123	123456",123124456
"123	123456",123124456
"123	123456",123124456
"123	123456",123124456
"123	123456",123124456
"123	123456",123124456
"123	123456",123124456
"123	123456",123124456
"123	123456",123124456
"123	123456",123124456
"123	123456",123124456
"123	123456",123124456
"123	123456",123124456
"123	123456",123124456
"123	123456",123124456
"123	123456",123124456
"123	123456",123124456
"123	123456",123124456
"123	123456",123124456
"123	123456",123124456
"123	123456",123124456
"123	123456",123124456
"123	123456",123124456
"123	123456",123124456
"123	123456",123124456
"123	123456",123124456
"123	123456",123124456
"123	123456",123124456
"123	123456",123124456
"123	123456",123124456
"123	123456",123124456
"123	123456",123124456
"123	123456",123124456
"123	123456",123124456
"123	123456",123124456
"123	123456",123124456
"123	123456",123124456
"123	123456",123124456
"123	123456",123124456
"123	123456",123124456
"123	123456",123124456
"123	123456",123124456
"123	123456",123124456
"123	123456",123124456
"123	123456",123124456
"123	123456",123124456
"123	123456",123124456
"123	123456",123124456
"123	123456",123124456
"123	123456",123124456
"123	123456",123124456
"123	123456",123124456
"123	123456",123124456
"123	123456",123124456
"123	123456",123124456
"123	123456",123124456
"123	123456",123124456
"123	123456",123124456
"123	123456",123124456
"123	123456",123124456
"123	123456",123124456
"123	123456",123124456
"123	123456",123124456
"123	123456",123124456
"123	123456",123124456
"123	123456",123124456
"123	123456",123124456
"123	123456",123124456
"123	123456",123124456
"123	123456",123124456
"123	123456",123124456
"123	123456",123124456
"123	123456",123124456
"123	123456",123124456
"123	123456",123124456
"123	123456",123124456
"123	123456",123124456
"123	123456",123124456
"123	123456",123124456
"123	123456",123124456
"123	123456",123124456
"123	123456",123124456
"123	123456",123124456
"123	123456",123124456
"123	123456",123124456
"123	123456",123124456
"123	123456",123124456
"123	123456",123124456
"123	123456",123124456
"123	123456",123124456
"123	123456",123124456
"123	123456",123124456
"123	123456",123124456
"123	123456",123124456
"123	123456",123124456
"123	123456",123124456
"123	123456",123124456
"123	123456",123124456
"123	123456",123124456
"123	123456",123124456
"123	123456",123124456
"123	123456",123124456
"123	123456",123124456
"123	123456",123124456
"123	123456",123124456
"123	123456",123124456
"123	123456",123124456
"123	123456",123124456
"123	123456",123124456
"123	123456",123124456
"123	123456",123124456
"123	123456",123124456
"123	123456",123124456
"123	123456",123124456
"123	123456",123124456
"123	123456",123124456
"123	123456",123124456
"123	123456",123124456
"123	123456",123124456
"123	123456",123124456
"123	123456",123124456
"123	123456",123124456
"123	123456",123124456
"123	123456",123124456
"123	123456",123124456
"123	123456",123124456
"123	123456",123124456
"123	123456",123124456
"123	123456",123124456
"123	123456",123124456
"123	123456",123124456
"123	123456",123124456
"123	123456",123124456
"123	123456",123124456
"123	123456",123124456
"123	123456",123124456
"123	123456",123124456
"123	123456",123124456
"123	123456",123124456
"123	123456",123124456
"123	123456",123124456
"123	123456",123124456
"123	123456",123124456
"123	123456",123124456
"123	123456",123124456
"123	123456",123124456
"123	123456",123124456
"123	123456",123124456
"123	123456",123124456
"123	123456",123124456
"123	123456",123124456
"123	123456",123124456
"123	123456",123124456
"123	123456",123124456
"123	123456",123124456
"123	123456",123124456
"123	123456",123124456
"123	123456",123124456
"123	123456",123124456
"123	123456",123124456
"123	123456",123124456
"123	123456",123124456
"123	123456",123124456
"123	123456",123124456
"123	123456",123124456
"123	123456",123124456
"123	123456",123124456
"123	123456",123124456
"123	123456",123124456
"123	123456",123124456
"123	123456",123124456
"123	123456",123124456
"123	123456",123124456
"123	123456",123124456
"123	123456",123124456
"123	123456",123124456
"123	123456",123124456
"123	123456",123124456
"123	123456",123124456
"123	123456",123124456
"123	123456",123124456
"123	123456",123124456
"123	123456",123124456
"123	123456",123124456
"123	123456",123124456
"123	123456",123124456
"123	123456",123124456
"123	123456",123124456
"123	123456",123124456
"123	123456",123124456
"123	123456",123124456
"123	123456",123124456
"123	123456",123124456
"123	123456",123124456
"123	123456",123124456
"123	123456",123124456
"123	123456",123124456
"123	123456",123124456
"123	123456",123124456
"123	123456",123124456
"123	123456",123124456
"123	123456",123124456
"123	123456",123124456
"123	123456",123124456
"123	123456",123124456
"123	123456",123124456
"123	123456",123124456
"123	123456",123124456
"123	123456",123124456
"123	123456",123124456
"123	123456",123124456
"123	123456",123124456
"123	123456",123124456
"123	123456",123124456
"123	123456",123124456
"123	123456",123124456
"123	123456",123124456
"123	123456",123124456
"123	123456",123124456
"123	123456",123124456
"123	123456",123124456
"123	123456",123124456
"123	123456",123124456
"123	123456",123124456
"123	123456",123124456
"123	123456",123124456
"123	123456",123124456
"123	123456",123124456
"123	123456",123124456
"123	123456",123124456
"123	123456",123124456
"123	123456",123124456
"123	123456",123124456
"123	123456",123124456
"123	123456",123124456
"123	123456",123124456
"123	123456",123124456
"123	123456",123124456
"123	123456",123124456
"123	123456",123124456
"123	123456",123124456
"123	123456",123124456
"123	123456",123124456
"123	123456",123124456
"123	123456",123124456
"123	123456",123124456
"123	123456",123124456
"123	123456",123124456
"123	123456",123124456
"123	123456",123124456
"123	123456",123124456
"123	123456",123124456
"123	123456",123124456
"123	123456",123124456
"123	123456",123124456
"123	123456",123124456
"123	123456",123124456
"123	123456",123124456
"123	123456",123124456
"123	123456",123124456
"123	123456",123124456
"123	123456",123124456
"123	123456",123124456
"123	123456",123124456
"123	123456",123124456
"123	123456",123124456
"123	123456",123124456
"123	123456",123124456
"123	123456",123124456
"123	123456",123124456
"123	123456",123124456
"123	123456",123124456
"123	123456",123124456
"123	123456",123124456
"123	123456",123124456
"123	123456",123124456
"123	123456",123124456
"123	123456",123124456
"123	123456",123124456
"123	123456",123124456
"123	123456",123124456
"123	123456",123124456
"123	123456",123124456
"123	123456",123124456
"123	123456",123124456
"123	123456",123124456
"123	123456",123124456
"123	123456",123124456
"123	123456",123124456
"123	123456",123124456
"123	123456",123124456
"123	123456",123124456
"123	123456",123124456
"123	123456",123124456
"123	123456",123124456
"123	123456",123124456
"123	123456",123124456
"123	123456",123124456
"123	123456",123124456
"123	123456",123124456
"123	123456",123124456
"123	123456",123124456
"123	123456",123124456
"123	123456",123124456
"123	123456",123124456
"123	123456",123124456
"123	123456",123124456
"123	123456",123124456
"123	123456",123124456
"123	123456",123124456
"123	123456",123124456
"123	123456",123124456
"123	123456",123124456
"123	123456",123124456
"123	123456",123124456
"123	123456",123124456
"123	123456",123124456
"123	123456",123124456
"123	123456",123124456
"123	123456",123124456
"123	123456",123124456
"123	123456",123124456
"123	123456",123124456
"123	123456",123124456
"123	123456",123124456
"123	123456",123124456
"123	123456",123124456
"123	123456",123124456
"123	123456",123124456
"123	123456",123124456
"123	123456",123124456
"123	123456",123124456
"123	123456",123124456
"123	123456",123124456
"123	123456",123124456
"123	123456",123124456
"123	123456",123124456
"123	123456",123124456
"123	123456",123124456
"123	123456",123124456
"123	123456",123124456
"123	123456",123124456
"123	123456",123124456
"123	123456",123124456
"123	123456",123124456
"123	123456",123124456
"123	123456",123124456
"123	123456",123124456
"123	123456",123124456
"123	123456",123124456
"123	123456",123124456
"123	123456",123124456
"123	123456",123124456
"123	123456",123124456
"123	123456",123124456
"123	123456",123124456
"123	123456",123124456
"123	123456",123124456
"123	123456",123124456
"123	123456",123124456
"123	123456",123124456
"123	123456",123124456
"123	123456",123124456
"123	123456",123124456
"123	123456",123124456
"123	123456",123124456
"123	123456",123124456
"123	123456",123124456
"123	123456",123124456
"123	123456",123124456
"123	123456",123124456
"123	123456",123124456
"123	123456",123124456
"123	123456",123124456
"123	123456",123124456
"123	123456",123124456
"123	123456",123124456
"123	123456",123124456
"123	123456",123124456
"123	123456",123124456
"123	123456",123124456
"123	123456",123124456
"123	123456",123124456
"123	123456",123124456
"123	123456",123124456
"123	123456",123124456
"123	123456",123124456
"123	123456",123124456
"123	123456",123124456
"123	123456",123124456
"123	123456",123124456
"123	123456",123124456
"123	123456",123124456
"123	123456",123124456
"123	123456",123124456
"123	123456",123124456
"123	123456",123124456
"123	123456",123124456
"123	123456",123124456
"123	123456",123124456
"123	123456",123124456
"123	123456",123124456
"123	123456",123124456
"123	123456",123124456
"123	123456",123124456
"123	123456",123124456
"123	123456",123124456
"123	123456",123124456
"123	123456",123124456
"123	123456",123124456
"123	123456",123124456
"123	123456",123124456
"123	123456",123124456
"123	123456",123124456
"123	123456",123124456
"123	123456",123124456
"123	123456",123124456
"123	123456",123124456
"123	123456",123124456
"123	123456",123124456
"123	123456",123124456
"123	123456",123124456
"123	123456",123124456
"123	123456",123124456
"123	123456",123124456
"123	123456",123124456
"123	123456",123124456
"123	123456",123124456
"123	123456",123124456
"123	123456",123124456
"123	123456",123124456
"123	123456",123124456
"123	123456",123124456
"123	123456",123124456
"123	123456",123124456
"123	123456",123124456
"123	123456",123124456
"123	123456",123124456
"123	123456",123124456
"123	123456",123124456
"123	123456",123124456
"123	123456",123124456
"123	123456",123124456
"123	123456",123124456
"123	123456",123124456
"123	123456",123124456
"123	123456",123124456
"123	123456",123124456
"123	123456",123124456
"123	123456",123124456
"123	123456",123124456
"123	123456",123124456
"123	123456",123124456
"123	123456",123124456
"123	123456",123124456
"123	123456",123124456
"123	123456",123124456
"123	123456",123124456
"123	123456",123124456
"123	123456",123124456
"123	123456",123124456
"123	123456",123124456
"123	123456",123124456
"123	123456",123124456
"123	123456",123124456
"123	123456",123124456
"123	123456",123124456
"123	123456",123124456
"123	123456",123124456
"123	123456",123124456
"123	123456",123124456
"123	123456",123124456
"123	123456",123124456
"123	123456",123124456
"123	123456",123124456
"123	123456",123124456
"123	123456",123124456
"123	123456",123124456
"123	123456",123124456
"123	123456",123124456
"123	123456",123124456
"123	123456",123124456
"123	123456",123124456
"123	123456",123124456
"123	123456",123124456
"123	123456",123124456
"123	123456",123124456
"123	123456",123124456
"123	123456",123124456
"123	123456",123124456
"123	123456",123124456
"123	123456",123124456
"123	123456",123124456
"123	123456",123124456
"123	123456",123124456
"123	123456",123124456
"123	123456",123124456
"123	123456",123124456
"123	123456",123124456
"123	123456",123124456
"123	123456",123124456
"123	123456",123124456
"123	123456",123124456
"123	123456",123124456
"123	123456",123124456
"123	123456",123124456
"123	123456",123124456
"123	123456",123124456
"123	123456",123124456
"123	123456",123124456
"123	123456",123124456
"123	123456",123124456
"123	123456",123124456
"123	123456",123124456
"123	123456",123124456
"123	123456",123124456
"123	123456",123124456
"123	123456",123124456
"123	123456",123124456
"123	123456",123124456
"123	123456",123124456
"123	123456",123124456
"123	123456",123124456
"123	123456",123124456
"123	123456",123124456
"123	123456",123124456
"123	123456",123124456
"123	123456",123124456
"123	123456",123124456
"123	123456",123124456
"123	123456",123124456
"123	123456",123124456
"123	123456",123124456
"123	123456",123124456
"123	123456",123124456
"123	123456",123124456
"123	123456",123124456
"123	123456",123124456
"123	123456",123124456
"123	123456",123124456
"123	123456",123124456
"123	123456",123124456
"123	123456",123124456
"123	123456",123124456
"123	123456",123124456
"123	123456",123124456
"123	123456",123124456
"123	123456",123124456
"123	123456",123124456
"123	123456",123124456
"123	123456",123124456
"123	123456",123124456
"123	123456",123124456
"123	123456",123124456
"123	123456",123124456
"123	123456",123124456
"123	123456",123124456
"123	123456",123124456
"123	123456",123124456
"123	123456",123124456
"123	123456",123124456
"123	123456",123124456
"123	123456",123124456
"123	123456",123124456
"123	123456",123124456
"123	123456",123124456
"123	123456",123124456
"123	123456",123124456
"123	123456",123124456
"123	123456",123124456
"123	123456",123124456
"123	123456",123124456
"123	123456",123124456
"123	123456",123124456
"123	123456",123124456
"123	123456",123124456
"123	123456",123124456
"123	123456",123124456
"123	123456",123124456
"123	123456",123124456
"123	123456",123124456
"123	123456",123124456
"123	123456",123124456
"123	123456",123124456
"123	123456",123124456
"123	123456",123124456
"123	123456",123124456
"123	123456",123124456
"123	123456",123124456
"123	123456",123124456
"123	123456",123124456
"123	123456",123124456
"123	123456",123124456
"123	123456",123124456
"123	123456",123124456
"123	123456",123124456
"123	123456",123124456
"123	123456",123124456
"123	123456",123124456
"123	123456",123124456
"123	123456",123124456
"123	123456",123124456
"123	123456",123124456
"123	123456",123124456
"123	123456",123124456
"123	123456",123124456
"123	123456",123124456
"123	123456",123124456
"123	123456",123124456
"123	123456",123124456
"123	123456",123124456
"123	123456",123124456
"123	123456",123124456
"123	123456",123124456
"123	123456",123124456
"123	123456",123124456
"123	123456",123124456
"123	123456",123124456
"123	123456",123124456
"123	123456",123124456
"123	123456",123124456
"123	123456",123124456
"123	123456",123124456
"123	123456",123124456
"123	123456",123124456
"123	123456",123124456
"123	123456",123124456
"123	123456",123124456
"123	123456",123124456
"123	123456",123124456
"123	123456",123124456
"123	123456",123124456
"123	123456",123124456
"123	123456",123124456
"123	123456",123124456
"123	123456",123124456
"123	123456",123124456
"123	123456",123124456
"123	123456",123124456
"123	123456",123124456
"123	123456",123124456
"123	123456",123124456
"123	123456",123124456
"123	123456",123124456
"123	123456",123124456
"123	123456",123124456
"123	123456",123124456
"123	123456",123124456
"123	123456",123124456
"123	123456",123124456
"123	123456",123124456
"123	123456",123124456
"123	123456",123124456
"123	123456",123124456
"123	123456",123124456
"123	123456",123124456
"123	123456",123124456
"123	123456",123124456
"123	123456",123124456
"123	123456",123124456
"123	123456",123124456
"123	123456",123124456
"123	123456",123124456
"123	123456",123124456
"123	123456",123124456
"123	123456",123124456
"123	123456",123124456
"123	123456",123124456
"123	123456",123124456
"123	123456",123124456
"123	123456",123124456
"123	123456",123124456
"123	123456",123124456
"123	123456",123124456
"123	123456",123124456
"123	123456",123124456
"123	123456",123124456
"123	123456",123124456
"123	123456",123124456
"123	123456",123124456
"123	123456",123124456
"123	123456",123124456
"123	123456",123124456
"123	123456",123124456
"123	123456",123124456
"123	123456",123124456
"123	123456",123124456
"123	123456",123124456
"123	123456",123124456
"123	123456",123124456
"123	123456",123124456
"123	123456",123124456
"123	123456",123124456
"123	123456",123124456
"123	123456",123124456
"123	123456",123124456
"123	123456",123124456
"123	123456",123124456
"123	123456",123124456
"123	123456",123124456
"123	123456",123124456
"123	123456",123124456
"123	123456",123124456
"123	123456",123124456
"123	123456",123124456
"123	123456",123124456
"123	123456",123124456
"123	123456",123124456
"123	123456",123124456
"123	123456",123124456
"123	123456",123124456
"123	123456",123124456
"123	123456",123124456
"123	123456",123124456
"123	123456",123124456
"123	123456",123124456
"123	123456",123124456
"123	123456",123124456
"123	123456",123124456
"123	123456",123124456
"123	123456",123124456
"123	123456",123124456
"123	123456",123124456
"123	123456",123124456
"123	123456",123124456
"123	123456",123124456
"123	123456",123124456
"123	123456",123124456
"123	123456",123124456
"123	123456",123124456
"123	123456",123124456
"123	123456",123124456
"123	123456",123124456
"123	123456",123124456
"123	123456",123124456
"123	123456",123124456
"123	123456",123124456
"123	123456",123124456
"123	123456",123124456
"123	123456",123124456
"123	123456",123124456
"123	123456",123124456
"123	123456",123124456
"123	123456",123124456
"123	123456",123124456
"123	123456",123124456
"123	123456",123124456
"123	123456",123124456
"123	123456",123124456
"123	123456",123124456
"123	123456",123124456
"123	123456",123124456
"123	123456",123124456
"123	123456",123124456
"123	123456",123124456
"123	123456",123124456
"123	123456",123124456
"123	123456",123124456
"123	123456",123124456
"123	123456",123124456
"123	123456",123124456
"123	123456",123124456
"123	123456",123124456
"123	123456",123124456
"123	123456",123124456
"123	123456",123124456
"123	123456",123124456
"123	123456",123124456
"123	123456",123124456
"123	123456",123124456
"123	123456",123124456
"123	123456",123124456
"123	123456",123124456
"123	123456",123124456
"123	123456",123124456
"123	123456",123124456
"123	123456",123124456
"123	123456",123124456
"123	123456",123124456
"123	123456",123124456
"123	123456",123124456
"123	123456",123124456
"123	123456",123124456
"123	123456",123124456
"123	123456",123124456
"123	123456",123124456
"123	123456",123124456
"123	123456",123124456
"123	123456",123124456
"123	123456",123124456
"123	123456",123124456
"123	123456",123124456
"123	123456",123124456
"123	123456",123124456
"123	123456",123124456
"123	123456",123124456
"123	123456",123124456
"123	123456",123124456
"123	123456",123124456
"123	123456",123124456
"123	123456",123124456
"123	123456",123124456
"123	123456",123124456
"123	123456",123124456
"123	123456",123124456
"123	123456",123124456
"123	123456",123124456
"123	123456",123124456
"123	123456",123124456
"123	123456",123124456
"123	123456",123124456
"123	123456",123124456
"123	123456",123124456
"123	123456",123124456
"123	123456",123124456
"123	123456",123124456
"123	123456",123124456
"123	123456",123124456
"123	123456",123124456
"123	123456",123124456
"123	123456",123124456
"123	123456",123124456
"123	123456",123124456
"123	123456",123124456
"123	123456",123124456
"123	123456",123124456
"123	123456",123124456
"123	123456",123124456
"123	123456",123124456
"123	123456",123124456
"123	123456",123124456
"123	123456",123124456
"123	123456",123124456
"123	123456",123124456
"123	123456",123124456
"123	123456",123124456
"123	123456",123124456
"123	123456",123124456
"123	123456",123124456
"123	123456",123124456
"123	123456",123124456
"123	123456",123124456
"123	123456",123124456
"123	123456",123124456
"123	123456",123124456
"123	123456",123124456
"123	123456",123124456
"123	123456",123124456
"123	123456",123124456
"123	123456",123124456
"123	123456",123124456
"123	123456",123124456
"123	123456",123124456
"123	123456",123124456
"123	123456",123124456
"123	123456",123124456
"123	123456",123124456
"123	123456",123124456
"123	123456",123124456
"123	123456",123124456
"123	123456",123124456
"123	123456",123124456
"123	123456",123124456
"123	123456",123124456
"123	123456",123124456
"123	123456",123124456
"123	123456",123124456
"123	123456",123124456
"123	123456",123124456
"123	123456",123124456
"123	123456",123124456
"123	123456",123124456
"123	123456",123124456
"123	123456",123124456
"123	123456",123124456
"123	123456",123124456
"123	123456",123124456
"123	123456",123124456
"123	123456",123124456
"123	123456",123124456
"123	123456",123124456
"123	123456",123124456
"123	123456",123124456
"123	123456",123124456
"123	123456",123124456
"123	123456",123124456
"123	123456",123124456
"123	123456",123124456
"123	123456",123124456
"123	123456",123124456
"123	123456",123124456
"123	123456",123124456
"123	123456",123124456
"123	123456",123124456
"123	123456",123124456
"123	123456",123124456
"123	123456",123124456
"123	123456",123124456
"123	123456",123124456
"123	123456",123124456
"123	123456",123124456
"123	123456",123124456
"123	123456",123124456
"123	123456",123124456
"123	123456",123124456
"123	123456",123124456
"123	123456",123124456
"123	123456",123124456
"123	123456",123124456
"123	123456",123124456
"123	123456",123124456
"123	123456",123124456
"123	123456",123124456
"123	123456",123124456
"123	123456",123124456
"123	123456",123124456
"123	123456",123124456
"123	123456",123124456
"123	123456",123124456
"123	123456",123124456
"123	123456",123124456
"123	123456",123124456
"123	123456",123124456
"123	123456",123124456
"123	123456",123124456
"123	123456",123124456
"123	123456",123124456
"123	123456",123124456
"123	123456",123124456
"123	123456",123124456
"123	123456",123124456
"123	123456",123124456
"123	123456",123124456
"123	123456",123124456
"123	123456",123124456
"123	123456",123124456
"123	123456",123124456
"123	123456",123124456
"123	123456",123124456
"123	123456",123124456
"123	123456",123124456
"123	123456",123124456
"123	123456",123124456
"123	123456",123124456
"123	123456",123124456
"123	123456",123124456
"123	123456",123124456
"123	123456",123124456
"123	123456",123124456
"123	123456",123124456
"123	123456",123124456
"123	123456",123124456
"123	123456",123124456
"123	123456",123124456
"123	123456",123124456
"123	123456",123124456
"123	123456",123124456
"123	123456",123124456
"123	123456",123124456
"123	123456",123124456
"123	123456",123124456
"123	123456",123124456
"123	123456",123124456
"123	123456",123124456
"123	123456",123124456
"123	123456",123124456
"123	123456",123124456
"123	123456",123124456
"123	123456",123124456
"123	123456",123124456
"123	123456",123124456
"123	123456",123124456
"123	123456",123124456
"123	123456",123124456
"123	123456",123124456
"123	123456",123124456
"123	123456",123124456
"123	123456",123124456
"123	123456",123124456
"123	123456",123124456
"123	123456",123124456
"123	123456",123124456
"123	123456",123124456
"123	123456",123124456
"123	123456",123124456
"123	123456",123124456
"123	123456",123124456
"123	123456",123124456
"123	123456",123124456
"123	123456",123124456
"123	123456",123124456
"123	123456",123124456
"123	123456",123124456
"123	123456",123124456
"123	123456",123124456
"123	123456",123124456
"123	123456",123124456
"123	123456",123124456
"123	123456",123124456
"123	123456",123124456
"123	123456",123124456
"123	123456",123124456
"123	123456",123124456
"123	123456",123124456
"123	123456",123124456
"123	123456",123124456
"123	123456",123124456
"123	123456",123124456
"123	123456",123124456
"123	123456",123124456
"123	123456",123124456
"123	123456",123124456
"123	123456",123124456
"123	123456",123124456
"123	123456",123124456
"123	123456",123124456
"123	123456",123124456
"123	123456",123124456
"123	123456",123124456
"123	123456",123124456
"123	123456",123124456
"123	123456",123124456
"123	123456",123124456
"123	123456",123124456
"123	123456",123124456
"123	123456",123124456
"123	123456",123124456
"123	123456",123124456
"123	123456",123124456
"123	123456",123124456
"123	123456",123124456
"123	123456",123124456
"123	123456",123124456
"123	123456",123124456
"123	123456",123124456
"123	123456",123124456
"123	123456",123124456
"123	123456",123124456
"123	123456",123124456
"123	123456",123124456
"123	123456",123124456
"123	123456",123124456
"123	123456",123124456
"123	123456",123124456
"123	123456",123124456
"123	123456",123124456
"123	123456",123124456
"123	123456",123124456
"123	123456",123124456
"123	123456",123124456
"123	123456",123124456
"123	123456",123124456
"123	123456",123124456
"123	123456",123124456
"123	123456",123124456
"123	123456",123124456
"123	123456",123124456
"123	123456",123124456
"123	123456",123124456
"123	123456",123124456
"123	123456",123124456
"123	123456",123124456
"123	123456",123124456
"123	123456",123124456
"123	123456",123124456
"123	123456",123124456
"123	123456",123124456
"123	123456",123124456
"123	123456",123124456
"123	123456",123124456
"123	123456",123124456
"123	123456",123124456
"123	123456",123124456
"123	123456",123124456
"123	123456",123124456
"123	123456",123124456
"123	123456",123124456
"123	123456",123124456
"123	123456",123124456
"123	123456",123124456
"123	123456",123124456
"123	123456",123124456
"123	123456",123124456
"123	123456",123124456
"123	123456",123124456
"123	123456",123124456
"123	123456",123124456
"123	123456",123124456
"123	123456",123124456
"123	123456",123124456
"123	123456",123124456
"123	123456",123124456
"123	123456",123124456
"123	123456",123124456
"123	123456",123124456
"123	123456",123124456
"123	123456",123124456
"123	123456",123124456
"123	123456",123124456
"123	123456",123124456
"123	123456",123124456
"123	123456",123124456
"123	123456",123124456
"123	123456",123124456
"123	123456",123124456
"123	123456",123124456
"123	123456",123124456
"123	123456",123124456
"123	123456",123124456
"123	123456",123124456
"123	123456",123124456
"123	123456",123124456
"123	123456",123124456
"123	123456",123124456
"123	123456",123124456
"123	123456",123124456
"123	123456",123124456
"123	123456",123124456
"123	123456",123124456
"123	123456",123124456
"123	123456",123124456
"123	123456",123124456
"123	123456",123124456
"123	123456",123124456
"123	123456",123124456
"123	123456",123124456
"123	123456",123124456
"123	123456",123124456
"123	123456",123124456
"123	123456",123124456
"123	123456",123124456
"123	123456",123124456
"123	123456",123124456
"123	123456",123124456
"123	123456",123124456
"123	123456",123124456
"123	123456",123124456
"123	123456",123124456
"123	123456",123124456
"123	123456",123124456
"123	123456",123124456
"123	123456",123124456
"123	123456",123124456
"123	123456",123124456
"123	123456",123124456
"123	123456",123124456
"123	123456",123124456
"123	123456",123124456
"123	123456",123124456
"123	123456",123124456
"123	123456",123124456
"123	123456",123124456
"123	123456",123124456
"123	123456",123124456
"123	123456",123124456
"123	123456",123124456
"123	123456",123124456
"123	123456",123124456
"123	123456",123124456
"123	123456",123124456
"123	123456",123124456
"123	123456",123124456
"123	123456",123124456
"123	123456",123124456
"123	123456",123124456
"123	123456",123124456
"123	123456",123124456
"123	123456",123124456
"123	123456",123124456
"123	123456",123124456
"123	123456",123124456
"123	123456",123124456
"123	123456",123124456
"123	123456",123124456
"123	123456",123124456
"123	123456",123124456
"123	123456",123124456
"123	123456",123124456
"123	123456",123124456
"123	123456",123124456
"123	123456",123124456
"123	123456",123124456
"123	123456",123124456
"123	123456",123124456
"123	123456",123124456
"123	123456",123124456
"123	123456",123124456
"123	123456",123124456
"123	123456",123124456
"123	123456",123124456
"123	123456",123124456
"123	123456",123124456
"123	123456",123124456
"123	123456",123124456
"123	123456",123124456
"123	123456",123124456
"123	123456",123124456
"123	123456",123124456
"123	123456",123124456
"123	123456",123124456
"123	123456",123124456
"123	123456",123124456
"123	123456",123124456
"123	123456",123124456
"123	123456",123124456
"123	123456",123124456
"123	123456",123124456
"123	123456",123124456
"123	123456",123124456
"123	123456",123124456
"123	123456",123124456
"123	123456",123124456
"123	123456",123124456
"123	123456",123124456
"123	123456",123124456
"123	123456",123124456
"123	123456",123124456
"123	123456",123124456
"123	123456",123124456
"123	123456",123124456
"123	123456",123124456
"123	123456",123124456
"123	123456",123124456
"123	123456",123124456
"123	123456",123124456
"123	123456",123124456
"123	123456",123124456
"123	123456",123124456
"123	123456",123124456
"123	123456",123124456
"123	123456",123124456
"123	123456",123124456
"123	123456",123124456
"123	123456",123124456
"123	123456",123124456
"123	123456",123124456
"123	123456",123124456
"123	123456",123124456
"123	123456",123124456
"123	123456",123124456
"123	123456",123124456
"123	123456",123124456
"123	123456",123124456
"123	123456",123124456
"123	123456",123124456
"123	123456",123124456
"123	123456",123124456
"123	123456",123124456
"123	123456",123124456
"123	123456",123124456
"123	123456",123124456
"123	123456",123124456
"123	123456",123124456
"123	123456",123124456
"123	123456",123124456
"123	123456",123124456
"123	123456",123124456
"123	123456",123124456
"123	123456",123124456
"123	123456",123124456
"123	123456",123124456
"123	123456",123124456
"123	123456",123124456
"123	123456",123124456
"123	123456",123124456
"123	123456",123124456
"123	123456",123124456
"123	123456",123124456
"123	123456",123124456
"123	123456",123124456
"123	123456",123124456
"123	123456",123124456
"123	123456",123124456
"123	123456",123124456
"123	123456",123124456
"123	123456",123124456
"123	123456",123124456
"123	123456",123124456
"123	123456",123124456
"123	123456",123124456
"123	123456",123124456
"123	123456",123124456
"123	123456",123124456
"123	123456",123124456
"123	123456",123124456
"123	123456",123124456
"123	123456",123124456
"123	123456",123124456
"123	123456",123124456
"123	123456",123124456
"123	123456",123124456
"123	123456",123124456
"123	123456",123124456
"123	123456",123124456
"123	123456",123124456
"123	123456",123124456
"123	123456",123124456
"123	123456",123124456
"123	123456",123124456
"123	123456",123124456
"123	123456",123124456
"123	123456",123124456
"123	123456",123124456
"123	123456",123124456
"123	123456",123124456
"123	123456",123124456
"123	123456",123124456
"123	123456",123124456
"123	123456",123124456
"123	123456",123124456
"123	123456",123124456
"123	123456",123124456
"123	123456",123124456
"123	123456",123124456
"123	123456",123124456
"123	123456",123124456
"123	123456",123124456
"123	123456",123124456
"123	123456",123124456
"123	123456",123124456
"123	123456",123124456
"123	123456",123124456
"123	123456",123124456
"123	123456",123124456
"123	123456",123124456
"123	123456",123124456
"123	123456",123124456
"123	123456",123124456
"123	123456",123124456
"123	123456",123124456
"123	123456",123124456
"123	123456",123124456
"123	123456",123124456
"123	123456",123124456
"123	123456",123124456
"123	123456",123124456
"123	123456",123124456
"123	123456",123124456
"123	123456",123124456
"123	123456",123124456
"123	123456",123124456
"123	123456",123124456
"123	123456",123124456
"123	123456",123124456
"123	123456",123124456
"123	123456",123124456
"123	123456",123124456
"123	123456",123124456
"123	123456",123124456
"123	123456",123124456
"123	123456",123124456
"123	123456",123124456
"123	123456",123124456
"123	123456",123124456
"123	123456",123124456
"123	123456",123124456
"123	123456",123124456
"123	123456",123124456
"123	123456",123124456
"123	123456",123124456
"123	123456",123124456
"123	123456",123124456
"123	123456",123124456
"123	123456",123124456
"123	123456",123124456
"123	123456",123124456
"123	123456",123124456
"123	123456",123124456
"123	123456",123124456
"123	123456",123124456
"123	123456",123124456
"123	123456",123124456
"123	123456",123124456
"123	123456",123124456
"123	123456",123124456
"123	123456",123124456
"123	123456",123124456
"123	123456",123124456
"123	123456",123124456
"123	123456",123124456
"123	123456",123124456
"123	123456",123124456
"123	123456",123124456
"123	123456",123124456
"123	123456",123124456
"123	123456",123124456
"123	123456",123124456
"123	123456",123124456
"123	123456",123124456
"123	123456",123124456
"123	123456",123124456
"123	123456",123124456
"123	123456",123124456
"123	123456",123124456
"123	123456",123124456
"123	123456",123124456
"123	123456",123124456
"123	123456",123124456
"123	123456",123124456
"123	123456",123124456
"123	123456",123124456
"123	123456",123124456
"123	123456",123124456
"123	123456",123124456
"123	123456",123124456
"123	123456",123124456
"123	123456",123124456
"123	123456",123124456
"123	123456",123124456
"123	123456",123124456
"123	123456",123124456
"123	123456",123124456
"123	123456",123124456
"123	123456",123124456
"123	123456",123124456
"123	123456",123124456
"123	123456",123124456
"123	123456",123124456
"123	123456",123124456
"123	123456",123124456
"123	123456",123124456
"123	123456",123124456
"123	123456",123124456
"123	123456",123124456
"123	123456",123124456
"123	123456",123124456
"123	123456",123124456
"123	123456",123124456
"123	123456",123124456
"123	123456",123124456
"123	123456",123124456
"123	123456",123124456
"123	123456",123124456
"123	123456",123124456
"123	123456",123124456
"123	123456",123124456
"123	123456",123124456
"123	123456",123124456
"123	123456",123124456
"123	123456",123124456
"123	123456",123124456
"123	123456",123124456
"123	123456",123124456
"123	123456",123124456
"123	123456",123124456
"123	123456",123124456
"123	123456",123124456
"123	123456",123124456
"123	123456",123124456
"123	123456",123124456
"123	123456",123124456
"123	123456",123124456
"123	123456",123124456
"123	123456",123124456
"123	123456",123124456
"123	123456",123124456
"123	123456",123124456
"123	123456",123124456
"123	123456",123124456
"123	123456",123124456
"123	123456",123124456
"123	123456",123124456
"123	123456",123124456
"123	123456",123124456
"123	123456",123124456
"123	123456",123124456
"123	123456",123124456
"123	123456",123124456
"123	123456",123124456
"123	123456",123124456
"123	123456",123124456
"123	123456",123124456
"123	123456",123124456
"123	123456",123124456
"123	123456",123124456
"123	123456",123124456
"123	123456",123124456
"123	123456",123124456
"123	123456",123124456
"123	123456",123124456
"123	123456",123124456
"123	123456",123124456
"123	123456",123124456
"123	123456",123124456
"123	123456",123124456
"123	123456",123124456
"123	123456",123124456
"123	123456",123124456
"123	123456",123124456
"123	123456",123124456
"123	123456",123124456
"123	123456",123124456
"123	123456",123124456
"123	123456",123124456
"123	123456",123124456
"123	123456",123124456
"123	123456",123124456
"123	123456",123124456
"123	123456",123124456
"123	123456",123124456
"123	123456",123124456
"123	123456",123124456
"123	123456",123124456
"123	123456",123124456
"123	123456",123124456
"123	123456",123124456
"123	123456",123124456
"123	123456",123124456
"123	123456",123124456
"123	123456",123124456
"123	123456",123124456
"123	123456",123124456
"123	123456",123124456
"123	123456",123124456
"123	123456",123124456
"123	123456",123124456
"123	123456",123124456
"123	123456",123124456
"123	123456",123124456
"123	123456",123124456
"123	123456",123124456
"123	123456",123124456
"123	123456",123124456
"123	123456",123124456
"123	123456",123124456
"123	123456",123124456
"123	123456",123124456
"123	123456",123124456
"123	123456",123124456
"123	123456",123124456
"123	123456",123124456
"123	123456",123124456
"123	123456",123124456
"123	123456",123124456
"123	123456",123124456
"123	123456",123124456
"123	123456",123124456
"123	123456",123124456
"123	123456",123124456
"123	123456",123124456
"123	123456",123124456
"123	123456",123124456
"123	123456",123124456
"123	123456",123124456
"123	123456",123124456
"123	123456",123124456
"123	123456",123124456
"123	123456",123124456
"123	123456",123124456
"123	123456",123124456
"123	123456",123124456
"123	123456",123124456
"123	123456",123124456
"123	123456",123124456
"123	123456",123124456
"123	123456",123124456
"123	123456",123124456
"123	123456",123124456
"123	123456",123124456
"123	123456",123124456
"123	123456",123124456
"123	123456",123124456
"123	123456",123124456
"123	123456",123124456
"123	123456",123124456
"123	123456",123124456
"123	123456",123124456
"123	123456",123124456
"123	123456",123124456
"123	123456",123124456
"123	123456",123124456
"123	123456",123124456
"123	123456",123124456
"123	123456",123124456
"123	123456",123124456
"123	123456",123124456
"123	123456",123124456
"123	123456",123124456
"123	123456",123124456
"123	123456",123124456
"123	123456",123124456
"123	123456",123124456
"123	123456",123124456
"123	123456",123124456
"123	123456",123124456
"123	123456",123124456
"123	123456",123124456
"123	123456",123124456
"123	123456",123124456
"123	123456",123124456
"123	123456",123124456
"123	123456",123124456
"123	123456",123124456
"123	123456",123124456
"123	123456",123124456
"123	123456",123124456
"123	123456",123124456
"123	123456",123124456
"123	123456",123124456
"123	123456",123124456
"123	123456",123124456
"123	123456",123124456
"123	123456",123124456
"123	123456",123124456
"123	123456",123124456
"123	123456",123124456
"123	123456",123124456
"123	123456",123124456
"123	123456",123124456
"123	123456",123124456
"123	123456",123124456
"123	123456",123124456
"123	123456",123124456
"123	123456",123124456
"123	123456",123124456
"123	123456",123124456
"123	123456",123124456
"123	123456",123124456
"123	123456",123124456
"123	123456",123124456
"123	123456",123124456
"123	123456",123124456
"123	123456",123124456
"123	123456",123124456
"123	123456",123124456
"123	123456",123124456
"123	123456",123124456
"123	123456",123124456
"123	123456",123124456
"123	123456",123124456
"123	123456",123124456
"123	123456",123124456
"123	123456",123124456
"123	123456",123124456
"123	123456",123124456
"123	123456",123124456
"123	123456",123124456
"123	123456",123124456
"123	123456",123124456
"123	123456",123124456
"123	123456",123124456
"123	123456",123124456
"123	123456",123124456
"123	123456",123124456
"123	123456",123124456
"123	123456",123124456
"123	123456",123124456
"123	123456",123124456
"123	123456",123124456
"123	123456",123124456
"123	123456",123124456
"123	123456",123124456
"123	123456",123124456
"123	123456",123124456
"123	123456",123124456
"123	123456",123124456
"123	123456",123124456
"123	123456",123124456
"123	123456",123124456
"123	123456",123124456
"123	123456",123124456
"123	123456",123124456
"123	123456",123124456
"123	123456",123124456
"123	123456",123124456
"123	123456",123124456
"123	123456",123124456
"123	123456",123124456
"123	123456",123124456
"123	123456",123124456
"123	123456",123124456
"123	123456",123124456
"123	123456",123124456
"123	123456",123124456
"123	123456",123124456
"123	123456",123124456
"123	123456",123124456
"123	123456",123124456
"123	123456",123124456
"123	123456",123124456
"123	123456",123124456
"123	123456",123124456
"123	123456",123124456
"123	123456",123124456
"123	123456",123124456
"123	123456",123124456
"123	123456",123124456
"123	123456",123124456
"123	123456",123124456
"123	123456",123124456
"123	123456",123124456
"123	123456",123124456
"123	123456",123124456
"123	123456",123124456
"123	123456",123124456
"123	123456",123124456
"123	123456",123124456
"123	123456",123124456
"123	123456",123124456
"123	123456",123124456
"123	123456",123124456
"123	123456",123124456
"123	123456",123124456
"123	123456",123124456
"123	123456",123124456
"123	123456",123124456
"123	123456",123124456
"123	123456",123124456
"123	123456",123124456
"123	123456",123124456
"123	123456",123124456
"123	123456",123124456
"123	123456",123124456
"123	123456",123124456
"123	123456",123124456
"123	123456",123124456
"123	123456",123124456
"123	123456",123124456
"123	123456",123124456
"123	123456",123124456
"123	123456",123124456
"123	123456",123124456
"123	123456",123124456
"123	123456",123124456
"123	123456",123124456
"123	123456",123124456
"123	123456",123124456
"123	123456",123124456
"123	123456",123124456
"123	123456",123124456
"123	123456",123124456
"123	123456",123124456
"123	123456",123124456
"123	123456",123124456
"123	123456",123124456
"123	123456",123124456
"123	123456",123124456
"123	123456",123124456
"123	123456",123124456
"123	123456",123124456
"123	123456",123124456
"123	123456",123124456
"123	123456",123124456
"123	123456",123124456
"123	123456",123124456
"123	123456",123124456
"123	123456",123124456
"123	123456",123124456
"123	123456",123124456
"123	123456",123124456
"123	123456",123124456
"123	123456",123124456
"123	123456",123124456
"123	123456",123124456
"123	123456",123124456
"123	123456",123124456
"123	123456",123124456
"123	123456",123124456
"123	123456",123124456
"123	123456",123124456
"123	123456",123124456
"123	123456",123124456
"123	123456",123124456
"123	123456",123124456
"123	123456",123124456
"123	123456",123124456
"123	123456",123124456
"123	123456",123124456
"123	123456",123124456
"123	123456",123124456
"123	123456",123124456
"123	123456",123124456
"123	123456",123124456
"123	123456",123124456
"123	123456",123124456
"123	123456",123124456
"123	123456",123124456
"123	123456",123124456
"123	123456",123124456
"123	123456",123124456
"123	123456",123124456
"123	123456",123124456
"123	123456",123124456
"123	123456",123124456
"123	123456",123124456
"123	123456",123124456
"123	123456",123124456
"123	123456",123124456
"123	123456",123124456
"123	123456",123124456
"123	123456",123124456
"123	123456",123124456
"123	123456",123124456
"123	123456",123124456
"123	123456",123124456
"123	123456",123124456
"123	123456",123124456
"123	123456",123124456
"123	123456",123124456
"123	123456",123124456
"123	123456",123124456
"123	123456",123124456
"123	123456",123124456
"123	123456",123124456
"123	123456",123124456
"123	123456",123124456
"123	123456",123124456
"123	123456",123124456
"123	123456",123124456
"123	123456",123124456
"123	123456",123124456
"123	123456",123124456
"123	123456",123124456
"123	123456",123124456
"123	123456",123124456
"123	123456",123124456
"123	123456",123124456
"123	123456",123124456
"123	123456",123124456
"123	123456",123124456
"123	123456",123124456
"123	123456",123124456
"123	123456",123124456
"123	123456",123124456
"123	123456",123124456
"123	123456",123124456
"123	123456",123124456
"123	123456",123124456
"123	123456",123124456
"123	123456",123124456
"123	123456",123124456
"123	123456",123124456
"123	123456",123124456
"123	123456",123124456
"123	123456",123124456
"123	123456",123124456
"123	123456",123124456
"123	123456",123124456
"123	123456",123124456
"123	123456",123124456
"123	123456",123124456
"123	123456",123124456
"123	123456",123124456
"123	123456",123124456
"123	123456",123124456
"123	123456",123124456
"123	123456",123124456
"123	123456",123124456
"123	123456",123124456
"123	123456",123124456
"123	123456",123124456
"123	123456",123124456
"123	123456",123124456
"123	123456",123124456
"123	123456",123124456
"123	123456",123124456
"123	123456",123124456
"123	123456",123124456
"123	123456",123124456
"123	123456",123124456
"123	123456",123124456
"123	123456",123124456
"123	123456",123124456
"123	123456",123124456
"123	123456",123124456
"123	123456",123124456
"123	123456",123124456
"123	123456",123124456
"123	123456",123124456
"123	123456",123124456
"123	123456",123124456
"123	123456",123124456
"123	123456",123124456
"123	123456",123124456
"123	123456",123124456
"123	123456",123124456
"123	123456",123124456
"123	123456",123124456
"123	123456",123124456
"123	123456",123124456
"123	123456",123124456
"123	123456",123124456
"123	123456",123124456
"123	123456",123124456
"123	123456",123124456
"123	123456",123124456
"123	123456",123124456
"123	123456",123124456
"123	123456",123124456
"123	123456",123124456
"123	123456",123124456
"123	123456",123124456
"123	123456",123124456
"123	123456",123124456
"123	123456",123124456
"123	123456",123124456
"123	123456",123124456
"123	123456",123124456
"123	123456",123124456
"123	123456",123124456
"123	123456",123124456
"123	123456",123124456
"123	123456",123124456
"123	123456",123124456
"123	123456",123124456
"123	123456",123124456
"123	123456",123124456
"123	123456",123124456
"123	123456",123124456
"123	123456",123124456
"123	123456",123124456
"123	123456",123124456
"123	123456",123124456
"123	123456",123124456
"123	123456",123124456
"123	123456",123124456
"123	123456",123124456
"123	123456",123124456
"123	123456",123124456
"123	123456",123124456
"123	123456",123124456
"123	123456",123124456
"123	123456",123124456
"123	123456",123124456
"123	123456",123124456
"123	123456",123124456
"123	123456",123124456
"123	123456",123124456
"123	123456",123124456
"123	123456",123124456
"123	123456",123124456
"123	123456",123124456
"123	123456",123124456
"123	123456",123124456
"123	123456",123124456
"123	123456",123124456
"123	123456",123124456
"123	123456",123124456
"123	123456",123124456
"123	123456",123124456
"123	123456",123124456
"123	123456",123124456
"123	123456",123124456
"123	123456",123124456
"123	123456",123124456
"123	123456",123124456
"123	123456",123124456
"123	123456",123124456
"123	123456",123124456
"123	123456",123124456
"123	123456",123124456
"123	123456",123124456
"123	123456",123124456
"123	123456",123124456
"123	123456",123124456
"123	123456",123124456
"123	123456",123124456
"123	123456",123124456
"123	123456",123124456
"123	123456",123124456
"123	123456",123124456
"123	123456",123124456
"123	123456",123124456
"123	123456",123124456
"123	123456",123124456
"123	123456",123124456
"123	123456",123124456
"123	123456",123124456
"123	123456",123124456
"123	123456",123124456
"123	123456",123124456
"123	123456",123124456
"123	123456",123124456
"123	123456",123124456
"123	123456",123124456
"123	123456",123124456
"123	123456",123124456
"123	123456",123124456
"123	123456",123124456
"123	123456",123124456
"123	123456",123124456
"123	123456",123124456
"123	123456",123124456
"123	123456",123124456
"123	123456",123124456
"123	123456",123124456
"123	123456",123124456
"123	123456",123124456
"123	123456",123124456
"123	123456",123124456
"123	123456",123124456
"123	123456",123124456
"123	123456",123124456
"123	123456",123124456
"123	123456",123124456
"123	123456",123124456
"123	123456",123124456
"123	123456",123124456
"123	123456",123124456
"123	123456",123124456
"123	123456",123124456
"123	123456",123124456
"123	123456",123124456
"123	123456",123124456
"123	123456",123124456
"123	123456",123124456
"123	123456",123124456
"123	123456",123124456
"123	123456",123124456
"123	123456",123124456
"123	123456",123124456
"123	123456",123124456
"123	123456",123124456
"123	123456",123124456
"123	123456",123124456
"123	123456",123124456
"123	123456",123124456
"123	123456",123124456
"123	123456",123124456
"123	123456",123124456
"123	123456",123124456
"123	123456",123124456
"123	123456",123124456
"123	123456",123124456
"123	123456",123124456
"123	123456",123124456
"123	123456",123124456
"123	123456",123124456
"123	123456",123124456
"123	123456",123124456
"123	123456",123124456
"123	123456",123124456
"123	123456",123124456
"123	123456",123124456
"123	123456",123124456
"123	123456",123124456
"123	123456",123124456
"123	123456",123124456
"123	123456",123124456
"123	123456",123124456
"123	123456",123124456
"123	123456",123124456
"123	123456",123124456
"123	123456",123124456
"123	123456",123124456
"123	123456",123124456
"123	123456",123124456
"123	123456",123124456
"123	123456",123124456
"123	123456",123124456
"123	123456",123124456
"123	123456",123124456
"123	123456",123124456
"123	123456",123124456
"123	123456",123124456
"123	123456",123124456
"123	123456",123124456
"123	123456",123124456
"123	123456",123124456
"123	123456",123124456
"123	123456",123124456
"123	123456",123124456
"123	123456",123124456
"123	123456",123124456
"123	123456",123124456
"123	123456",123124456
"123	123456",123124456
"123	123456",123124456
"123	123456",123124456
"123	123456",123124456
"123	123456",123124456
"123	123456",123124456
"123	123456",123124456
"123	123456",123124456
"123	123456",123124456
"123	123456",123124456
"123	123456",123124456
"123	123456",123124456
"123	123456",123124456
"123	123456",123124456
"123	123456",123124456
"123	123456",123124456
"123	123456",123124456
"123	123456",123124456
"123	123456",123124456
"123	123456",123124456
"123	123456",123124456
"123	123456",123124456
"123	123456",123124456
"123	123456",123124456
"123	123456",123124456
"123	123456",123124456
"123	123456",123124456
"123	123456",123124456
"123	123456",123124456
"123	123456",123124456
"123	123456",123124456
"123	123456",123124456
"123	123456",123124456
"123	123456",123124456
"123	123456",123124456
"123	123456",123124456
"123	123456",123124456
"123	123456",123124456
"123	123456",123124456
"123	123456",123124456
"123	123456",123124456
"123	123456",123124456
"123	123456",123124456
"123	123456",123124456
"123	123456",123124456
"123	123456",123124456
"123	123456",123124456
"123	123456",123124456
"123	123456",123124456
"123	123456",123124456
"123	123456",123124456
"123	123456",123124456
"123	123456",123124456
"123	123456",123124456
"123	123456",123124456
"123	123456",123124456
"123	123456",123124456
"123	123456",123124456
"123	123456",123124456
"123	123456",123124456
"123	123456",123124456
"123	123456",123124456
"123	123456",123124456
"123	123456",123124456
"123	123456",123124456
"123	123456",123124456
"123	123456",123124456
"123	123456",123124456
"123	123456",123124456
"123	123456",123124456
"123	123456",123124456
"123	123456",123124456
"123	123456",123124456
"123	123456",123124456
"123	123456",123124456
"123	123456",123124456
"123	123456",123124456
"123	123456",123124456
"123	123456",123124456
"123	123456",123124456
"123	123456",123124456
"123	123456",123124456
"123	123456",123124456
"123	123456",123124456
"123	123456",123124456
"123	123456",123124456
"123	123456",123124456
"123	123456",123124456
"123	123456",123124456
"123	123456",123124456
"123	123456",123124456
"123	123456",123124456
"123	123456",123124456
"123	123456",123124456
"123	123456",123124456
"123	123456",123124456
"123	123456",123124456
"123	123456",123124456
"123	123456",123124456
"123	123456",123124456
"123	123456",123124456
"123	123456",123124456
"123	123456",123124456
"123	123456",123124456
"123	123456",123124456
"123	123456",123124456
"123	123456",123124456
"123	123456",123124456
"123	123456",123124456
"123	123456",123124456
"123	123456",123124456
"123	123456",123124456
"123	123456",123124456
"123	123456",123124456
"123	123456",123124456
"123	123456",123124456
"123	123456",123124456
"123	123456",123124456
"123	123456",123124456
"123	123456",123124456
"123	123456",123124456
"123	123456",123124456
"123	123456",123124456
"123	123456",123124456
"123	123456",123124456
"123	123456",123124456
"123	123456",123124456
"123	123456",123124456
"123	123456",123124456
"123	123456",123124456
"123	123456",123124456
"123	123456",123124456
"123	123456",123124456
"123	123456",123124456
"123	123456",123124456
"123	123456",123124456
"123	123456",123124456
"123	123456",123124456
"123	123456",123124456
"123	123456",123124456
"123	123456",123124456
"123	123456",123124456
"123	123456",123124456
"123	123456",123124456
"123	123456",123124456
"123	123456",123124456
"123	123456",123124456
"123	123456",123124456
"123	123456",123124456
"123	123456",123124456
"123	123456",123124456
"123	123456",123124456
"123	123456",123124456
"123	123456",123124456
"123	123456",123124456
"123	123456",123124456
"123	123456",123124456
"123	123456",123124456
"123	123456",123124456
"123	123456",123124456
"123	123456",123124456
"123	123456",123124456
"123	123456",123124456
"123	123456",123124456
"123	123456",123124456
"123	123456",123124456
"123	123456",123124456
"123	123456",123124456
"123	123456",123124456
"123	123456",123124456
"123	123456",123124456
"123	123456",123124456
"123	123456",123124456
"123	123456",123124456
"123	123456",123124456
"123	123456",123124456
"123	123456",123124456
"123	123456",123124456
"123	123456",123124456
"123	123456",123124456
"123	123456",123124456
"123	123456",123124456
"123	123456",123124456
"123	123456",123124456
"123	123456",123124456
"123	123456",123124456
"123	123456",123124456
"123	123456",123124456
"123	123456",123124456
"123	123456",123124456
"123	123456",123124456
"123	123456",123124456
"123	123456",123124456
"123	123456",123124456
"123	123456",123124456
"123	123456",123124456
"123	123456",123124456
"123	123456",123124456
"123	123456",123124456
"123	123456",123124456
"123	123456",123124456
"123	123456",123124456
"123	123456",123124456
"123	123456",123124456
"123	123456",123124456
"123	123456",123124456
"123	123456",123124456
"123	123456",123124456
"123	123456",123124456
"123	123456",123124456
"123	123456",123124456
"123	123456",123124456
"123	123456",123124456
"123	123456",123124456
"123	123456",123124456
"123	123456",123124456
"123	123456",123124456
"123	123456",123124456
"123	123456",123124456
"123	123456",123124456
"123	123456",123124456
"123	123456",123124456
"123	123456",123124456
"123	123456",123124456
"123	123456",123124456
"123	123456",123124456
"123	123456",123124456
"123	123456",123124456
"123	123456",123124456
"123	123456",123124456
"123	123456",123124456
"123	123456",123124456
"123	123456",123124456
"123	123456",123124456
"123	123456",123124456
"123	123456",123124456
"123	123456",123124456
"123	123456",123124456
"123	123456",123124456
"123	123456",123124456
"123	123456",123124456
"123	123456",123124456
"123	123456",123124456
"123	123456",123124456
"123	123456",123124456
"123	123456",123124456
"123	123456",123124456
"123	123456",123124456
"123	123456",123124456
"123	123456",123124456
"123	123456",123124456
"123	123456",123124456
"123	123456",123124456
"123	123456",123124456
"123	123456",123124456
"123	123456",123124456
"123	123456",123124456
"123	123456",123124456
"123	123456",123124456
"123	123456",123124456
"123	123456",123124456
"123	123456",123124456
"123	123456",123124456
"123	123456",123124456
"123	123456",123124456
"123	123456",123124456
"123	123456",123124456
"123	123456",123124456
"123	123456",123124456
"123	123456",123124456
"123	123456",123124456
"123	123456",123124456
"123	123456",123124456
"123	123456",123124456
"123	123456",123124456
"123	123456",123124456
"123	123456",123124456
"123	123456",123124456
"123	123456",123124456
"123	123456",123124456
"123	123456",123124456
"123	123456",123124456
"123	123456",123124456
"123	123456",123124456
"123	123456",123124456
"123	123456",123124456
"123	123456",123124456
"123	123456",123124456
"123	123456",123124456
"123	123456",123124456
"123	123456",123124456
"123	123456",123124456
"123	123456",123124456
"123	123456",123124456
"123	123456",123124456
"123	123456",123124456
"123	123456",123124456
"123	123456",123124456
"123	123456",123124456
"123	123456",123124456
"123	123456",123124456
"123	123456",123124456
"123	123456",123124456
"123	123456",123124456
"123	123456",123124456
"123	123456",123124456
"123	123456",123124456
"123	123456",123124456
"123	123456",123124456
"123	123456",123124456
"123	123456",123124456
"123	123456",123124456
"123	123456",123124456
"123	123456",123124456
"123	123456",123124456
"123	123456",123124456
"123	123456",123124456
"123	123456",123124456
"123	123456",123124456
"123	123456",123124456
"123	123456",123124456
"123	123456",123124456
"123	123456",123124456
"123	123456",123124456
"123	123456",123124456
"123	123456",123124456
"123	123456",123124456
"123	123456",123124456
"123	123456",123124456
"123	123456",123124456
"123	123456",123124456
"123	123456",123124456
"123	123456",123124456
"123	123456",123124456
"123	123456",123124456
"123	123456",123124456
"123	123456",123124456
"123	123456",123124456
"123	123456",123124456
"123	123456",123124456
"123	123456",123124456
"123	123456",123124456
"123	123456",123124456
"123	123456",123124456
"123	123456",123124456
"123	123456",123124456
"123	123456",123124456
"123	123456",123124456
"123	123456",123124456
"123	123456",123124456
"123	123456",123124456
"123	123456",123124456
"123	123456",123124456
"123	123456",123124456
"123	123456",123124456
"123	123456",123124456
"123	123456",123124456
"123	123456",123124456
"123	123456",123124456
"123	123456",123124456
"123	123456",123124456
"123	123456",123124456
"123	123456",123124456
"123	123456",123124456
"123	123456",123124456
"123	123456",123124456
"123	123456",123124456
"123	123456",123124456
"123	123456",123124456
"123	123456",123124456
"123	123456",123124456
"123	123456",123124456
"123	123456",123124456
"123	123456",123124456
"123	123456",123124456
"123	123456",123124456
"123	123456",123124456
"123	123456",123124456
"123	123456",123124456
"123	123456",123124456
"123	123456",123124456
"123	123456",123124456
"123	123456",123124456
"123	123456",123124456
"123	123456",123124456
"123	123456",123124456
"123	123456",123124456
"123	123456",123124456
"123	123456",123124456
"123	123456",123124456
"123	123456",123124456
"123	123456",123124456
"123	123456",123124456
"123	123456",123124456
"123	123456",123124456
"123	123456",123124456
"123	123456",123124456
"123	123456",123124456
"123	123456",123124456
"123	123456",123124456
"123	123456",123124456
"123	123456",123124456
"123	123456",123124456
"123	123456",123124456
"123	123456",123124456
"123	123456",123124456
"123	123456",123124456
"123	123456",123124456
"123	123456",123124456
"123	123456",123124456
"123	123456",123124456
"123	123456",123124456
"123	123456",123124456
"123	123456",123124456
"123	123456",123124456
"123	123456",123124456
"123	123456",123124456
"123	123456",123124456
"123	123456",123124456
"123	123456",123124456
"123	123456",123124456
"123	123456",123124456
"123	123456",123124456
"123	123456",123124456
"123	123456",123124456
"123	123456",123124456
"123	123456",123124456
"123	123456",123124456
"123	123456",123124456
"123	123456",123124456
"123	123456",123124456
"123	123456",123124456
"123	123456",123124456
"123	123456",123124456
"123	123456",123124456
"123	123456",123124456
"123	123456",123124456
"123	123456",123124456
"123	123456",123124456
"123	123456",123124456
"123	123456",123124456
"123	123456",123124456
"123	123456",123124456
"123	123456",123124456
"123	123456",123124456
"123	123456",123124456
"123	123456",123124456
"123	123456",123124456
"123	123456",123124456
"123	123456",123124456
"123	123456",123124456
"123	123456",123124456
"123	123456",123124456
"123	123456",123124456
"123	123456",123124456
"123	123456",123124456
"123	123456",123124456
"123	123456",123124456
"123	123456",123124456
"123	123456",123124456
"123	123456",123124456
"123	123456",123124456
"123	123456",123124456
"123	123456",123124456
"123	123456",123124456
"123	123456",123124456
"123	123456",123124456
"123	123456",123124456
"123	123456",123124456
"123	123456",123124456
"123	123456",123124456
"123	123456",123124456
"123	123456",123124456
"123	123456",123124456
"123	123456",123124456
"123	123456",123124456
"123	123456",123124456
"123	123456",123124456
"123	123456",123124456
"123	123456",123124456
"123	123456",123124456
"123	123456",123124456
"123	123456",123124456
"123	123456",123124456
"123	123456",123124456
"123	123456",123124456
"123	123456",123124456
"123	123456",123124456
"123	123456",123124456
"123	123456",123124456
"123	123456",123124456
"123	123456",123124456
"123	123456",123124456
"123	123456",123124456
"123	123456",123124456
"123	123456",123124456
"123	123456",123124456
"123	123456",123124456
"123	123456",123124456
"123	123456",123124456
"123	123456",123124456
"123	123456",123124456
"123	123456",123124456
"123	123456",123124456
"123	123456",123124456
"123	123456",123124456
"123	123456",123124456
"123	123456",123124456
"123	123456",123124456
"123	123456",123124456
"123	123456",123124456
"123	123456",123124456
"123	123456",123124456
"123	123456",123124456
"123	123456",123124456
"123	123456",123124456
"123	123456",123124456
"123	123456",123124456
"123	123456",123124456
"123	123456",123124456
"123	123456",123124456
"123	123456",123124456
"123	123456",123124456
"123	123456",123124456
"123	123456",123124456
"123	123456",123124456
"123	123456",123124456
"123	123456",123124456
"123	123456",123124456
"123	123456",123124456
"123	123456",123124456
"123	123456",123124456
"123	123456",123124456
"123	123456",123124456
"123	123456",123124456
"123	123456",123124456
"123	123456",123124456
"123	123456",123124456
"123	123456",123124456
"123	123456",123124456
"123	123456",123124456
"123	123456",123124456
"123	123456",123124456
"123	123456",123124456
"123	123456",123124456
"123	123456",123124456
"123	123456",123124456
"123	123456",123124456
"123	123456",123124456
"123	123456",123124456
"123	123456",123124456
"123	123456",123124456
"123	123456",123124456
"123	123456",123124456
"123	123456",123124456
"123	123456",123124456
"123	123456",123124456
"123	123456",123124456
"123	123456",123124456
"123	123456",123124456
"123	123456",123124456
"123	123456",123124456
"123	123456",123124456
"123	123456",123124456
"123	123456",123124456
"123	123456",123124456
"123	123456",123124456
"123	123456",123124456
"123	123456",123124456
"123	123456",123124456
"123	123456",123124456
"123	123456",123124456
"123	123456",123124456
"123	123456",123124456
"123	123456",123124456
"123	123456",123124456
"123	123456",123124456
"123	123456",123124456
"123	123456",123124456
"123	123456",123124456
"123	123456",123124456
"123	123456",123124456
"123	123456",123124456
"123	123456",123124456
"123	123456",123124456
"123	123456",123124456
"123	123456",123124456
"123	123456",123124456
"123	123456",123124456
"123	123456",123124456
"123	123456",123124456
"123	123456",123124456
"123	123456",123124456
"123	123456",123124456
"123	123456",123124456
"123	123456",123124456
"123	123456",123124456
"123	123456",123124456
"123	123456",123124456
"123	123456",123124456
"123	123456",123124456
"123	123456",123124456
"123	123456",123124456
"123	123456",123124456
"123	123456",123124456
"123	123456",123124456
"123	123456",123124456
"123	123456",123124456
"123	123456",123124456
"123	123456",123124456
"123	123456",123124456
"123	123456",123124456
"123	123456",123124456
"123	123456",123124456
"123	123456",123124456
"123	123456",123124456
"123	123456",123124456
"123	123456",123124456
"123	123456",123124456
"123	123456",123124456
"123	123456",123124456
"123	123456",123124456
"123	123456",123124456
"123	123456",123124456
"123	123456",123124456
"123	123456",123124456
"123	123456",123124456
"123	123456",123124456
"123	123456",123124456
"123	123456",123124456
"123	123456",123124456
"123	123456",123124456
"123	123456",123124456
"123	123456",123124456
"123	123456",123124456
"123	123456",123124456
"123	123456",123124456
"123	123456",123124456
"123	123456",123124456
"123	123456",123124456
"123	123456",123124456
"123	123456",123124456
"123	123456",123124456
"123	123456",123124456
"123	123456",123124456
"123	123456",123124456
"123	123456",123124456
"123	123456",123124456
"123	123456",123124456
"123	123456",123124456
"123	123456",123124456
"123	123456",123124456
"123	123456",123124456
"123	123456",123124456
"123	123456",123124456
"123	123456",123124456
"123	123456",123124456
"123	123456",123124456
"123	123456",123124456
"123	123456",123124456
"123	123456",123124456
"123	123456",123124456
"123	123456",123124456
"123	123456",123124456
"123	123456",123124456
"123	123456",123124456
"123	123456",123124456
"123	123456",123124456
"123	123456",123124456
"123	123456",123124456
"123	123456",123124456
"123	123456",123124456
"123	123456",123124456
"123	123456",123124456
"123	123456",123124456
"123	123456",123124456
"123	123456",123124456
"123	123456",123124456
"123	123456",123124456
"123	123456",123124456
"123	123456",123124456
"123	123456",123124456
"123	123456",123124456
"123	123456",123124456
"123	123456",123124456
"123	123456",123124456
"123	123456",123124456
"123	123456",123124456
"123	123456",123124456
"123	123456",123124456
"123	123456",123124456
"123	123456",123124456
"123	123456",123124456
"123	123456",123124456
"123	123456",123124456
"123	123456",123124456
"123	123456",123124456
"123	123456",123124456
"123	123456",123124456
"123	123456",123124456
"123	123456",123124456
"123	123456",123124456
"123	123456",123124456
"123	123456",123124456
"123	123456",123124456
"123	123456",123124456
"123	123456",123124456
"123	123456",123124456
"123	123456",123124456
"123	123456",123124456
"123	123456",123124456
"123	123456",123124456
"123	123456",123124456
"123	123456",123124456
"123	123456",123124456
"123	123456",123124456
"123	123456",123124456
"123	123456",123124456
"123	123456",123124456
"123	123456",123124456
"123	123456",123124456
"123	123456",123124456
"123	123456",123124456
"123	123456",123124456
"123	123456",123124456
"123	123456",123124456
"123	123456",123124456
"123	123456",123124456
"123	123456",123124456
"123	123456",123124456
"123	123456",123124456
"123	123456",123124456
"123	123456",123124456
"123	123456",123124456
"123	123456",123124456
"123	123456",123124456
"123	123456",123124456
"123	123456",123124456
"123	123456",123124456
"123	123456",123124456
"123	123456",123124456
"123	123456",123124456
"123	123456",123124456
"123	123456",123124456
"123	123456",123124456
"123	123456",123124456
"123	123456",123124456
"123	123456",123124456
"123	123456",123124456
"123	123456",123124456
"123	123456",123124456
"123	123456",123124456
"123	123456",123124456
"123	123456",123124456
"123	123456",123124456
"123	123456",123124456
"123	123456",123124456
"123	123456",123124456
"123	123456",123124456
"123	123456",123124456
"123	123456",123124456
"123	123456",123124456
"123	123456",123124456
"123	123456",123124456
"123	123456",123124456
"123	123456",123124456
"123	123456",123124456
"123	123456",123124456
"123	123456",123124456
"123	123456",123124456
"123	123456",123124456
"123	123456",123124456
"123	123456",123124456
"123	123456",123124456
"123	123456",123124456
"123	123456",123124456
"123	123456",123124456
"123	123456",123124456
"123	123456",123124456
"123	123456",123124456
"123	123456",123124456
"123	123456",123124456
"123	123456",123124456
"123	123456",123124456
"123	123456",123124456
"123	123456",123124456
"123	123456",123124456
"123	123456",123124456
"123	123456",123124456
"123	123456",123124456
"123	123456",123124456
"123	123456",123124456
"123	123456",123124456
"123	123456",123124456
"123	123456",123124456
"123	123456",123124456
"123	123456",123124456
"123	123456",123124456
"123	123456",123124456
"123	123456",123124456
"123	123456",123124456
"123	123456",123124456
"123	123456",123124456
"123	123456",123124456
"123	123456",123124456
"123	123456",123124456
"123	123456",123124456
"123	123456",123124456
"123	123456",123124456
"123	123456",123124456
"123	123456",123124456
"123	123456",123124456
"123	123456",123124456
"123	123456",123124456
"123	123456",123124456
"123	123456",123124456
"123	123456",123124456
"123	123456",123124456
"123	123456",123124456
"123	123456",123124456
"123	123456",123124456
"123	123456",123124456
"123	123456",123124456
"123	123456",123124456
"123	123456",123124456
"123	123456",123124456
"123	123456",123124456
"123	123456",123124456
"123	123456",123124456
"123	123456",123124456
"123	123456",123124456
"123	123456",123124456
"123	123456",123124456
"123	123456",123124456
"123	123456",123124456
"123	123456",123124456
"123	123456",123124456
"123	123456",123124456
"123	123456",123124456
"123	123456",123124456
"123	123456",123124456
"123	123456",123124456
"123	123456",123124456
"123	123456",123124456
"123	123456",123124456
"123	123456",123124456
"123	123456",123124456
"123	123456",123124456
"123	123456",123124456
"123	123456",123124456
"123	123456",123124456
"123	123456",123124456
"123	123456",123124456
"123	123456",123124456
"123	123456",123124456
"123	123456",123124456
"123	123456",123124456
"123	123456",123124456
"123	123456",123124456
"123	123456",123124456
"123	123456",123124456
"123	123456",123124456
"123	123456",123124456
"123	123456",123124456
"123	123456",123124456
"123	123456",123124456
"123	123456",123124456
"123	123456",123124456
"123	123456",123124456
"123	123456",123124456
"123	123456",123124456
"123	123456",123124456
"123	123456",123124456
"123	123456",123124456
"123	123456",123124456
"123	123456",123124456
"123	123456",123124456
"123	123456",123124456
"123	123456",123124456
"123	123456",123124456
"123	123456",123124456
"123	123456",123124456
"123	123456",123124456
"123	123456",123124456
"123	123456",123124456
"123	123456",123124456
"123	123456",123124456
"123	123456",123124456
"123	123456",123124456
"123	123456",123124456
"123	123456",123124456
"123	123456",123124456
"123	123456",123124456
"123	123456",123124456
"123	123456",123124456
"123	123456",123124456
"123	123456",123124456
"123	123456",123124456
"123	123456",123124456
"123	123456",123124456
"123	123456",123124456
"123	123456",123124456
"123	123456",123124456
"123	123456",123124456
"123	123456",123124456
"123	123456",123124456
"123	123456",123124456
"123	123456",123124456
"123	123456",123124456
"123	123456",123124456
"123	123456",123124456
"123	123456",123124456
"123	123456",123124456
"123	123456",123124456
"123	123456",123124456
"123	123456",123124456
"123	123456",123124456
"123	123456",123124456
"123	123456",123124456
"123	123456",123124456
"123	123456",123124456
"123	123456",123124456
"123	123456",123124456
"123	123456",123124456
"123	123456",123124456
"123	123456",123124456
"123	123456",123124456
"123	123456",123124456
"123	123456",123124456
"123	123456",123124456
"123	123456",123124456
"123	123456",123124456
"123	123456",123124456
"123	123456",123124456
"123	123456",123124456
"123	123456",123124456
"123	123456",123124456
"123	123456",123124456
"123	123456",123124456
"123	123456",123124456
"123	123456",123124456
"123	123456",123124456
"123	123456",123124456
"123	123456",123124456
"123	123456",123124456
"123	123456",123124456
"123	123456",123124456
"123	123456",123124456
"123	123456",123124456
"123	123456",123124456
"123	123456",123124456
"123	123456",123124456
"123	123456",123124456
"123	123456",123124456
"123	123456",123124456
"123	123456",123124456
"123	123456",123124456
"123	123456",123124456
"123	123456",123124456
"123	123456",123124456
"123	123456",123124456
"123	123456",123124456
"123	123456",123124456
"123	123456",123124456
"123	123456",123124456
"123	123456",123124456
"123	123456",123124456
"123	123456",123124456
"123	123456",123124456
"123	123456",123124456
"123	123456",123124456
"123	123456",123124456
"123	123456",123124456
"123	123456",123124456
"123	123456",123124456
"123	123456",123124456
"123	123456",123124456
"123	123456",123124456
"123	123456",123124456
"123	123456",123124456
"123	123456",123124456
"123	123456",123124456
"123	123456",123124456
"123	123456",123124456
"123	123456",123124456
"123	123456",123124456
"123	123456",123124456
"123	123456",123124456
"123	123456",123124456
"123	123456",123124456
"123	123456",123124456
"123	123456",123124456
"123	123456",123124456
"123	123456",123124456
"123	123456",123124456
"123	123456",123124456
"123	123456",123124456
"123	123456",123124456
"123	123456",123124456
"123	123456",123124456
"123	123456",123124456
"123	123456",123124456
"123	123456",123124456
"123	123456",123124456
"123	123456",123124456
"123	123456",123124456
"123	123456",123124456
"123	123456",123124456
"123	123456",123124456
"123	123456",123124456
"123	123456",123124456
"123	123456",123124456
"123	123456",123124456
"123	123456",123124456
"123	123456",123124456
"123	123456",123124456
"123	123456",123124456
"123	123456",123124456
"123	123456",123124456
"123	123456",123124456
"123	123456",123124456
"123	123456",123124456
"123	123456",123124456
"123	123456",123124456
"123	123456",123124456
"123	123456",123124456
"123	123456",123124456
"123	123456",123124456
"123	123456",123124456
"123	123456",123124456
"123	123456",123124456
"123	123456",123124456
"123	123456",123124456
"123	123456",123124456
"123	123456",123124456
"123	123456",123124456
"123	123456",123124456
"123	123456",123124456
"123	123456",123124456
"123	123456",123124456
"123	123456",123124456
"123	123456",123124456
"123	123456",123124456
"123	123456",123124456
"123	123456",123124456
"123	123456",123124456
"123	123456",123124456
"123	123456",123124456
"123	123456",123124456
"123	123456",123124456
"123	123456",123124456
"123	123456",123124456
"123	123456",123124456
"123	123456",123124456
"123	123456",123124456
"123	123456",123124456
"123	123456",123124456
"123	123456",123124456
"123	123456",123124456
"123	123456",123124456
"123	123456",123124456
"123	123456",123124456
"123	123456",123124456
"123	123456",123124456
"123	123456",123124456
"123	123456",123124456
"123	123456",123124456
"123	123456",123124456
"123	123456",123124456
"123	123456",123124456
"123	123456",123124456
"123	123456",123124456
"123	123456",123124456
"123	123456",123124456
"123	123456",123124456
"123	123456",123124456
"123	123456",123124456
"123	123456",123124456
"123	123456",123124456
"123	123456",123124456
"123	123456",123124456
"123	123456",123124456
"123	123456",123124456
"123	123456",123124456
"123	123456",123124456
"123	123456",123124456
"123	123456",123124456
"123	123456",123124456
"123	123456",123124456
"123	123456",123124456
"123	123456",123124456
"123	123456",123124456
"123	123456",123124456
"123	123456",123124456
"123	123456",123124456
"123	123456",123124456
"123	123456",123124456
"123	123456",123124456
"123	123456",123124456
"123	123456",123124456
"123	123456",123124456
"123	123456",123124456
"123	123456",123124456
"123	123456",123124456
"123	123456",123124456
"123	123456",123124456
"123	123456",123124456
"123	123456",123124456
"123	123456",123124456
"123	123456",123124456
"123	123456",123124456
"123	123456",123124456
"123	123456",123124456
"123	123456",123124456
"123	123456",123124456
"123	123456",123124456
"123	123456",123124456
"123	123456",123124456
"123	123456",123124456
"123	123456",123124456
"123	123456",123124456
"123	123456",123124456
"123	123456",123124456
"123	123456",123124456
"123	123456",123124456
"123	123456",123124456
"123	123456",123124456
"123	123456",123124456
"123	123456",123124456
"123	123456",123124456
"123	123456",123124456
"123	123456",123124456
"123	123456",123124456
"123	123456",123124456
"123	123456",123124456
"123	123456",123124456
"123	123456",123124456
"123	123456",123124456
"123	123456",123124456
"123	123456",123124456
"123	123456",123124456
"123	123456",123124456
"123	123456",123124456
"123	123456",123124456
"123	123456",123124456
"123	123456",123124456
"123	123456",123124456
"123	123456",123124456
"123	123456",123124456
"123	123456",123124456
"123	123456",123124456
"123	123456",123124456
"123	123456",123124456
"123	123456",123124456
"123	123456",123124456
"123	123456",123124456
"123	123456",123124456
"123	123456",123124456
"123	123456",123124456
"123	123456",123124456
"123	123456",123124456
"123	123456",123124456
"123	123456",123124456
"123	123456",123124456
"123	123456",123124456
"123	123456",123124456
"123	123456",123124456
"123	123456",123124456
"123	123456",123124456
"123	123456",123124456
"123	123456",123124456
"123	123456",123124456
"123	123456",123124456
"123	123456",123124456
"123	123456",123124456
"123	123456",123124456
"123	123456",123124456
"123	123456",123124456
"123	123456",123124456
"123	123456",123124456
"123	123456",123124456
"123	123456",123124456
"123	123456",123124456
"123	123456",123124456
"123	123456",123124456
"123	123456",123124456
"123	123456",123124456
"123	123456",123124456
"123	123456",123124456
"123	123456",123124456
"123	123456",123124456
"123	123456",123124456
"123	123456",123124456
"123	123456",123124456
"123	123456",123124456
"123	123456",123124456
"123	123456",123124456
"123	123456",123124456
"123	123456",123124456
"123	123456",123124456
"123	123456",123124456
"123	123456",123124456
"123	123456",123124456
"123	123456",123124456
"123	123456",123124456
"123	123456",123124456
"123	123456",123124456
"123	123456",123124456
"123	123456",123124456
"123	123456",123124456
"123	123456",123124456
"123	123456",123124456
"123	123456",123124456
"123	123456",123124456
"123	123456",123124456
"123	123456",123124456
"123	123456",123124456
"123	123456",123124456
"123	123456",123124456
"123	123456",123124456
"123	123456",123124456
"123	123456",123124456
"123	123456",123124456
"123	123456",123124456
"123	123456",123124456
"123	123456",123124456
"123	123456",123124456
"123	123456",123124456
"123	123456",123124456
"123	123456",123124456
"123	123456",123124456
"123	123456",123124456
"123	123456",123124456
"123	123456",123124456
"123	123456",123124456
"123	123456",123124456
"123	123456",123124456
"123	123456",123124456
"123	123456",123124456
"123	123456",123124456
"123	123456",123124456
"123	123456",123124456
"123	123456",123124456
"123	123456",123124456
"123	123456",123124456
"123	123456",123124456
"123	123456",123124456
"123	123456",123124456
"123	123456",123124456
"123	123456",123124456
"123	123456",123124456
"123	123456",123124456
"123	123456",123124456
"123	123456",123124456
"123	123456",123124456
"123	123456",123124456
"123	123456",123124456
"123	123456",123124456
"123	123456",123124456
"123	123456",123124456
"123	123456",123124456
"123	123456",123124456
"123	123456",123124456
"123	123456",123124456
"123	123456",123124456
"123	123456",123124456
"123	123456",123124456
"123	123456",123124456
"123	123456",123124456
"123	123456",123124456
"123	123456",123124456
"123	123456",123124456
"123	123456",123124456
"123	123456",123124456
"123	123456",123124456
"123	123456",123124456
"123	123456",123124456
"123	123456",123124456
"123	123456",123124456
"123	123456",123124456
"123	123456",123124456
"123	123456",123124456
"123	123456",123124456
"123	123456",123124456
"123	123456",123124456
"123	123456",123124456
"123	123456",123124456
"123	123456",123124456
"123	123456",123124456
"123	123456",123124456
"123	123456",123124456
"123	123456",123124456
"123	123456",123124456
"123	123456",123124456
"123	123456",123124456
"123	123456",123124456
"123	123456",123124456
"123	123456",123124456
"123	123456",123124456
"123	123456",123124456
"123	123456",123124456
"123	123456",123124456
"123	123456",123124456
"123	123456",123124456
"123	123456",123124456
"123	123456",123124456
"123	123456",123124456
"123	123456",123124456
"123	123456",123124456
"123	123456",123124456
"123	123456",123124456
"123	123456",123124456
"123	123456",123124456
"123	123456",123124456
"123	123456",123124456
"123	123456",123124456
"123	123456",123124456
"123	123456",123124456
"123	123456",123124456
"123	123456",123124456
"123	123456",123124456
"123	123456",123124456
"123	123456",123124456
"123	123456",123124456
"123	123456",123124456
"123	123456",123124456
"123	123456",123124456
"123	123456",123124456
"123	123456",123124456
"123	123456",123124456
"123	123456",123124456
"123	123456",123124456
"123	123456",123124456
"123	123456",123124456
"123	123456",123124456
"123	123456",123124456
"123	123456",123124456
"123	123456",123124456
"123	123456",123124456
"123	123456",123124456
"123	123456",123124456
"123	123456",123124456
"123	123456",123124456
"123	123456",123124456
"123	123456",123124456
"123	123456",123124456
"123	123456",123124456
"123	123456",123124456
"123	123456",123124456
"123	123456",123124456
"123	123456",123124456
"123	123456",123124456
"123	123456",123124456
"123	123456",123124456
"123	123456",123124456
"123	123456",123124456
"123	123456",123124456
"123	123456",123124456
"123	123456",123124456
"123	123456",123124456
"123	123456",123124456
"123	123456",123124456
"123	123456",123124456
"123	123456",123124456
"123	123456",123124456
"123	123456",123124456
"123	123456",123124456
"123	123456",123124456
"123	123456",123124456
"123	123456",123124456
"123	123456",123124456
"123	123456",123124456
"123	123456",123124456
"123	123456",123124456
"123	123456",123124456
"123	123456",123124456
"123	123456",123124456
"123	123456",123124456
"123	123456",123124456
"123	123456",123124456
"123	123456",123124456
"123	123456",123124456
"123	123456",123124456
"123	123456",123124456
"123	123456",123124456
"123	123456",123124456
"123	123456",123124456
"123	123456",123124456
"123	123456",123124456
"123	123456",123124456
"123	123456",123124456
"123	123456",123124456
"123	123456",123124456
"123	123456",123124456
"123	123456",123124456
"123	123456",123124456
"123	123456",123124456
"123	123456",123124456
"123	123456",123124456
"123	123456",123124456
"123	123456",123124456
"123	123456",123124456
"123	123456",123124456
"123	123456",123124456
"123	123456",123124456
"123	123456",123124456
"123	123456",123124456
"123	123456",123124456
"123	123456",123124456
"123	123456",123124456
"123	123456",123124456
"123	123456",123124456
"123	123456",123124456
"123	123456",123124456
"123	123456",123124456
"123	123456",123124456
"123	123456",123124456
"123	123456",123124456
"123	123456",123124456
"123	123456",123124456
"123	123456",123124456
"123	123456",123124456
"123	123456",123124456
"123	123456",123124456
"123	123456",123124456
"123	123456",123124456
"123	123456",123124456
"123	123456",123124456
"123	123456",123124456
"123	123456",123124456
"123	123456",123124456
"123	123456",123124456
"123	123456",123124456
"123	123456",123124456
"123	123456",123124456
"123	123456",123124456
"123	123456",123124456
"123	123456",123124456
"123	123456",123124456
"123	123456",123124456
"123	123456",123124456
"123	123456",123124456
"123	123456",123124456
"123	123456",123124456
"123	123456",123124456
"123	123456",123124456
"123	123456",123124456
"123	123456",123124456
"123	123456",123124456
"123	123456",123124456
"123	123456",123124456
"123	123456",123124456
"123	123456",123124456
